contrast,dissimilarity,homogeneity,energy,correlation,label
2.603514703675115,0.6970167835241652,0.731394149001001,0.3649080020110061,0.9996306075972122,1
5.514996954933009,0.8279646613009801,0.7013232234683584,0.3354193533037488,0.9991918462035956,0
3.1774795588718785,0.6715151807538916,0.739749822300501,0.3412661961470756,0.9996871567393324,0
6.019092122232572,0.8588141255284087,0.6961977538301609,0.3242060095441711,0.9992336966298444,1
5.2876958893585835,0.8126649411287048,0.7128291141876429,0.3661988196688404,0.9991963093905868,0
2.8784664150835515,0.8394455701359406,0.6964660849404158,0.3619437134513466,0.9994190347393552,1
3.1093946549308864,0.8265990626384778,0.7028378369598749,0.3647629451331017,0.99957303406225,1
3.0125311351973365,0.8258968455622742,0.7004594762807383,0.3597122862107091,0.9994953539865866,1
1.8006684016610204,0.7218311337678861,0.7193558839482872,0.3826642261434263,0.999245681594826,1
2.3270794916877517,0.8031621210171964,0.7030204959321396,0.3793314273655923,0.9994314984412,1
3.561388379647497,0.8745244846834483,0.6919825504024387,0.3596448979280206,0.9994005261977776,1
4.126313309530064,0.9208091021629928,0.6869166989676738,0.3827917810864417,0.9989408200700224,1
2.664460624026187,0.6821031580113499,0.7338473871220181,0.3539831203428908,0.9996059653963191,0
6.7093851751013025,0.7737161957759148,0.7168906647466006,0.3074675023419384,0.9991638018440406,1
1.9965393920551195,0.7175595365724661,0.7204400938249348,0.3719190718178131,0.9996184397187284,1
6.197344395256746,0.8420676879306135,0.7330054783457871,0.3621919304397132,0.9989347037511828,1
2.1424986956273138,0.7876065833297597,0.7052800724276105,0.3792495463963918,0.999443533447153,1
3.22291148491216,0.8308058879025687,0.7020142284645083,0.3618355263264202,0.9995522994902176,1
2.7404678052232097,0.823257501036351,0.7001645286622301,0.36370478978398696,0.9995084133213448,1
2.0925514959189218,0.7036023021284503,0.7240352968285435,0.3677132085374746,0.9995624419913084,1
2.776168753662964,0.6808021355975813,0.7362087978588335,0.3636381163351503,0.9995837643962604,0
6.517172535884023,0.8497654999880584,0.7011436664983146,0.3291127994974006,0.9991865114281964,1
5.0544109188539394,0.9341606262886802,0.6830288126410446,0.35489859219071124,0.9991564286312616,1
3.1309226113898543,0.7335762950812642,0.7236621091908942,0.3547868472880649,0.9996498839040744,0
2.4163354364109386,0.8147980634532644,0.7010499383454959,0.3789714568275669,0.999312887442686,1
1.2707464496047576,0.6054994049916379,0.7497756148248705,0.3935829291836229,0.9991809132625822,1
5.628927495921665,0.8179382924438495,0.734115743724124,0.4024524670790457,0.9984402075239092,1
4.0985044831110535,0.5860030536615349,0.7720554268679807,0.3229613524471772,0.9996931038716176,0
2.271035243077891,0.7576278999957118,0.7124261770039721,0.37325827762812297,0.9992523681341297,1
3.316967253098332,0.6579543951999084,0.7442512005578337,0.34068981871987525,0.9996897164208846,0
2.7371905688494365,0.7554267710879541,0.7168041959848215,0.3677097694112896,0.9996157927157422,1
5.81345655027938,0.9325022736039013,0.7130790016522072,0.366575388206661,0.9989099199730562,1
2.0286441581971784,0.7078216350758323,0.7223391552534334,0.3716315082553109,0.9995346845033805,1
5.827277282208049,0.9322161619418371,0.6884080455108881,0.3704871461051741,0.9989546505268956,1
3.3927521995654475,0.7115096148348271,0.7286477396950148,0.35394531875453633,0.999480705749876,1
2.5025086839058286,0.7799840437697444,0.7091795524780735,0.3758871134884345,0.999427561249817,1
2.302884048415456,0.8027344029189359,0.702466646642319,0.37562315207402097,0.9994870502229344,1
3.0946583704990216,0.6765600207984904,0.7381723742665189,0.3463442691720651,0.9996428921112732,0
2.6710816555169608,0.7459320993610361,0.7178796053890031,0.36150912518229866,0.9996184290884852,1
2.8793863998599147,0.8176725970953588,0.7023375279593966,0.3672538372765688,0.9994706077720744,1
2.1546905599153767,0.7170494017753762,0.7224572855951108,0.37173473923833306,0.9995991106041452,1
2.8950830956873514,0.6748781840988036,0.7384244786551677,0.3568738890834837,0.9996624811191336,1
7.445581368966585,0.9314606171335768,0.6861974472521372,0.3410819711691984,0.9987002580914852,1
4.894615057756762,0.8435499808936975,0.7022386235323401,0.359342953226348,0.9992415978621751,1
4.075829133927221,0.7819129986545978,0.7094397839941743,0.329624620768019,0.9993867755209483,0
2.362707180839659,0.7392550066469403,0.7174340014367088,0.3689559441680173,0.9995698745612904,1
3.588676347613534,0.7400242291693467,0.7224171144819685,0.3673433220833599,0.9994774902435049,1
4.149554584318502,0.9990541385047726,0.6707670604740519,0.3720867272089845,0.998982730620114,1
1.6139177459010536,0.6774304215446632,0.7287397568447623,0.383484003327858,0.9993477235589462,1
2.278012296839487,0.6749891897880127,0.7344897948845694,0.3645663786831889,0.9996095288765804,0
2.5778058307245884,0.705743349486113,0.7277867258829599,0.3694914232842186,0.999493570759595,0
4.673187936360089,0.8779179404201792,0.6912903135798435,0.3415561773628412,0.9991005649747424,0
3.0206454947324786,0.6252200012150321,0.7537375629971279,0.34176130508286995,0.9997166502977723,0
2.6462382695798854,0.7051427573366497,0.7279739484315042,0.3538284205107604,0.9996869553112434,1
2.1593608395157027,0.6987310061895163,0.7269892045702451,0.3743276113586737,0.9995304269524836,1
3.938685685398804,0.9070000716486349,0.6901617398081913,0.388899806808308,0.9987453124713755,1
2.9466098371142277,0.7647382945952514,0.7129299575894654,0.3581113809442042,0.999509505249172,1
3.157029273339337,0.7109481091956489,0.7285704334351851,0.3457594077991741,0.9996811171177914,1
3.2253676812184624,0.7255249206655516,0.7243647361159993,0.3382431277537052,0.9996896950587456,1
2.5559403901682467,0.7301867129093587,0.7213094392533246,0.3634646180642031,0.9996306281300832,0
6.480745673218535,1.0336328146768246,0.6584966373511638,0.3092599284730535,0.998903703918393,1
4.0273685347058015,0.9412085632060374,0.6828103353355632,0.3860715302807083,0.998791380771258,1
2.7226498750129373,0.8483355126459841,0.6937334501258047,0.3611535161939381,0.9982125751028512,1
3.4033321361693623,0.8346296653658678,0.7011042069147401,0.35510654948187315,0.9995384726669946,1
2.56539173170662,0.6889091245336422,0.7316273737933396,0.3526568816276549,0.9996794389835342,1
3.0696121221529626,0.905602425704346,0.6800970555320864,0.34366609165530715,0.998487431670582,1
2.997768495289964,0.7015785143016424,0.7317096656166404,0.3580430397797992,0.9996117019705424,1
2.8004874869562726,0.6679529478822704,0.7395107033633292,0.3532254051831861,0.9996367536993062,0
3.236639560730163,0.7347705554840831,0.7240689718516793,0.36764585733756777,0.9994959342689228,1
2.7632527838529386,0.7151853102620181,0.7256118601359227,0.359590241638218,0.9995577399038448,1
5.0261945419661975,0.9868644168995248,0.6649488428125079,0.3242904536423393,0.9987253414790658,1
5.271095049875411,1.0302212947704457,0.6569132706742942,0.31511173043087565,0.9989110277295488,1
3.8268065904802855,0.9791594520471608,0.6633267696700073,0.32026261227421976,0.9987692330407336,1
2.9005228211615712,0.7018105764969911,0.7305892325673671,0.35586433696082764,0.9996469673833822,1
5.035866858923837,0.9852874005875188,0.6676452530974961,0.32095405805742405,0.9991346695099697,1
5.21354527397642,0.8300981984348755,0.6999214175993347,0.3203061440593569,0.9993204004944936,1
3.3066832572151474,0.6847637209285706,0.7382320058214966,0.3600980296286849,0.9996115553614764,1
2.3278708260074046,0.6975112837171404,0.7279527008406619,0.3767258905109224,0.9993533680449108,0
2.280601163929271,0.6829170508312249,0.7305019557248189,0.36547494858687657,0.9994093546926976,0
2.9278206165930496,0.8573693036436667,0.6952493658524045,0.3718298010910924,0.9994496293773576,1
2.207208758594565,0.7518634214588962,0.7133919590628081,0.3726356091619458,0.9994584778605312,1
2.5635504220449707,0.7915114373829638,0.7038149756017662,0.35759955619052003,0.9995067946962608,1
2.8026251840416263,0.7153099403919552,0.7259647768869505,0.36086778903028216,0.9995416505653896,1
2.392958129636777,0.7480097148962935,0.7157091687199792,0.36705911320266016,0.9995780791417884,1
2.2226231381420014,0.6701073963291736,0.7362232036449678,0.374171167990876,0.999606119638947,0
7.2519887399103276,0.8355405869259811,0.7397209463655466,0.33848630368379595,0.9990577133633292,1
5.6320984392539,0.7601778378830217,0.7175392195510677,0.3165545407049499,0.9992556881218952,1
3.0218596334176717,0.7428310873107766,0.7190314266072302,0.35980753839781543,0.9994078063679332,1
2.3850048065240075,0.6859709357176551,0.7312221041597988,0.3565332897557373,0.9996902132203728,1
3.483992398902184,0.7251651014194435,0.7264029478891882,0.34119729798107257,0.9996728926388028,1
2.643106435024372,0.766797148605572,0.7122744993832054,0.3684600506219701,0.999424292568582,1
3.177760088339981,0.7115080513744159,0.7291173998533965,0.3602987202554138,0.9995130176984692,1
3.714866140986607,0.7659600272310134,0.7174552596036909,0.3604942580041189,0.9994599564782276,1
2.464838892105151,0.7235102902497249,0.7224984464748427,0.37272656653991854,0.9994788550211109,1
4.941768318167705,0.91621363831769,0.6883953880863075,0.3693879072058623,0.9991249247778144,1
2.5070025158311537,0.8165842052975401,0.6999305245758024,0.3713560718907927,0.999466549092076,1
2.9755760681561534,0.6774701781094101,0.7366272446601104,0.3465403072803504,0.9996167412349986,0
3.2010686028560404,0.6772110903840931,0.7371649531276597,0.35547736152859194,0.9995632592321172,0
1.9295821897737184,0.6912045077690581,0.7275542851303778,0.3805612270504076,0.999424461447316,1
2.519101912603457,0.7605287891133126,0.7132124776083919,0.3682035714175037,0.9995715473673868,1
3.212320778900273,0.8884828799566923,0.6937337215792512,0.3922206590045962,0.9984030220467672,1
2.5060834244607406,0.8141744661006046,0.7015293632442539,0.3786715470406829,0.9993295959140532,1
2.2076302228511806,0.7748197106794175,0.7076305562456378,0.3777541805721923,0.999389033554406,1
7.035918853940276,0.6703287080158901,0.7530475578040879,0.2963402025877032,0.9993658420549486,1
2.5070558968366283,0.8156235705504811,0.7014267733485122,0.3781819856758557,0.9994409220827928,1
3.342599293137213,0.7540980530897552,0.7173081265064505,0.35318209737519696,0.9994890773015401,1
5.792849366705675,0.9010149228184984,0.6845470895050024,0.3232797613706358,0.998877768987681,0
2.525865665694641,0.7090737435138728,0.7277854740165507,0.3671227918626464,0.9996486176984748,1
4.532893420243863,0.6024178245207772,0.7673267406065818,0.3180923287685693,0.999654045400822,0
3.2116134732764414,0.8294823069885787,0.7023772525352394,0.3594685252385969,0.9995584755109946,1
4.925482126520577,0.7764843493145788,0.7174484906404892,0.3449666488904381,0.99946410287568,1
2.570499556870649,0.6678839322726818,0.7386567314460346,0.3566614698366531,0.9996742243975728,0
5.4558216506253325,0.9199505624417856,0.6864672945462283,0.34854710488924084,0.9992080125491298,1
2.9694799126606344,0.6582838386437383,0.7437641035313143,0.35289682322896243,0.9996649810946352,0
2.924074788798834,0.6956072122875481,0.7322224927280276,0.35335873887540153,0.9996576462871736,1
2.9438786951270064,0.7867982742970683,0.7096651556468335,0.3533678609446893,0.9996171352326808,1
3.187093053590063,0.6805488550109354,0.7370428267979142,0.347262985726456,0.9995914706991302,1
2.3905526341181007,0.7235227979330158,0.7212015296317935,0.3671689675840376,0.9995745387096134,0
2.645505900052889,0.7292868297668568,0.722883495527417,0.3625304164204989,0.9996423020782615,1
2.120917134811384,0.7385492159469389,0.7155179776785798,0.3708723584934425,0.9995708082612926,0
2.3305805262518406,0.7379195881041212,0.7189585803596373,0.3783147321453511,0.9995513022458368,1
7.0615576214245355,0.8747457468574112,0.6965407291021747,0.3328008813098487,0.9990050180536296,1
2.536227164543935,0.7748818023928987,0.7096288315176319,0.3706932637433595,0.9994405490458164,1
2.4564218913046587,0.8053683870091627,0.7022119706767971,0.3695289947956961,0.9995227349010668,1
6.638055724725943,0.8122370395580074,0.7071322758320742,0.31965133366582416,0.9991825347903532,1
2.7609536036422377,0.8486824942464657,0.6954650009736472,0.3707445297075402,0.9994754333419206,1
7.058211281873692,0.8152930528687319,0.706505771090395,0.30108251797592506,0.9991811925023968,1
3.5896365356576183,0.7391940316908958,0.7220355844279109,0.3714246337007692,0.9991612502762004,0
3.3040611107537483,0.8230759162771416,0.7042625136713948,0.35419405383141706,0.9995936967958532,1
5.2785991945957225,0.8208581483486733,0.7313492137136343,0.3558621534101904,0.9990564844760006,1
2.1493591599125184,0.7202745972525981,0.7209939628247162,0.3730934833217384,0.9995620649004884,1
2.8797107062195355,0.7696752558714641,0.7138760058619757,0.3679591542818749,0.999522456787816,1
2.559306520433981,0.6878636162213934,0.7316685168623787,0.3604930466485291,0.999574685847922,0
6.792094847323518,0.8983252297490012,0.7184327128920407,0.3311643751867919,0.9989463134594824,1
2.3867094250754044,0.7374154837971898,0.7181908736147568,0.37209234934634094,0.9995233438303684,1
2.2684897061766507,0.7018903129779722,0.7250052479471205,0.35687931057838906,0.9995900736397876,0
2.103602927512615,0.7329301392283832,0.7158530837471925,0.36506408168940335,0.999535639019105,1
1.8002661456323168,0.7129111454178996,0.7214630828772521,0.3870236782242979,0.9992627096586594,1
4.722827255140789,0.9870027385700526,0.6731477766276177,0.3615186899029067,0.9990859723635128,1
2.9052871317380684,0.8406393838357851,0.6977371060034576,0.370280327619491,0.9994593973583502,1
1.8945296307017168,0.6627202692368169,0.7360978254097678,0.38760312593580987,0.9991177314211698,0
3.1030525894478043,0.7685363866375061,0.7137858460260165,0.3517162279024578,0.9996324335966584,1
3.714573550538188,0.5869357694726761,0.7704030702349096,0.32656339894731845,0.9997171297260972,0
2.257021054004603,0.6639670172391612,0.7375382072539656,0.36272788005673795,0.9996682235420266,0
5.855413303161298,0.8708879156615957,0.6928227675389027,0.31230996278584244,0.9992226641039192,1
2.576872221507497,0.6790157704018184,0.7351262017286431,0.3626298185878097,0.999598376578366,0
1.9935333043869807,0.6965660602227084,0.7264177896846366,0.3773673930958989,0.9992129901026892,1
3.526976169289706,0.7063524289920948,0.7325649493505748,0.3473576263245053,0.9995703276187504,1
3.1979486059293576,0.7474486559600899,0.7198481582269243,0.3462711867277577,0.9996512355447918,1
3.095784732049688,0.7088430214274483,0.7287058212514169,0.35755380444539936,0.9994935394650192,0
2.7874303590062466,0.6957597613534028,0.7306965507505894,0.3504260323983372,0.9996706537094528,0
2.9292435889189066,0.6510709257115084,0.7446394245061246,0.3478525416336649,0.9996760964018891,0
6.644577491979335,0.8394473501946456,0.7005318142839542,0.2906667033216337,0.9992551370548786,1
4.8866011081655545,0.9234095993249108,0.6864383089386314,0.376116400255106,0.998438693165356,1
2.3588280122074994,0.6930208020641252,0.7294077516396297,0.3616866441859237,0.9995986853521174,0
10.200227537324253,0.590497397298569,0.8124500003745263,0.3457976906104037,0.9988795553971472,0
3.6289778899895664,0.7293435610446418,0.7235509714872274,0.3520541892177461,0.9994773407458388,1
2.168559347170405,0.7398330402961819,0.7155561569063318,0.3718639586061813,0.9994649323893442,1
3.0212717723029865,0.7072775508526666,0.7308805651948345,0.36387082623414063,0.99958311976697,1
4.323114501169535,0.8450870692980315,0.7245777588200604,0.38183648189330416,0.9989792091931294,1
2.565704870491874,0.6879433527023743,0.7323381452347321,0.3645953520674912,0.9995875612872982,0
2.31903392441071,0.7704808846863074,0.7101403549443692,0.3759191880398345,0.9994298407035968,1
2.4401431415012085,0.7548882706519722,0.7132136140400289,0.3597165999633932,0.999555679452944,1
5.586765750758281,0.9772980802146274,0.6787081738635966,0.3653837085481529,0.9989250948856953,1
6.916790520575672,0.8143058342268508,0.7340474658308248,0.3361470689698737,0.9980801048049932,1
2.2659837024886715,0.6843228250925568,0.7319030306831803,0.3687027099645063,0.9996576384807092,1
3.4986221446745867,0.7178639646497134,0.7275712892704228,0.3545615240105188,0.9994871586763834,0
4.493384442693034,1.028418137453926,0.6641433198169129,0.3589980570647248,0.9990451628556366,1
3.0198445562988696,0.7000659780293609,0.7309221557304891,0.3506200168039382,0.999600167224718,0
2.142701722129308,0.7062304790800062,0.7241680549589425,0.3710855729731426,0.9994708080392796,0
3.6832130233335714,0.8797890146720481,0.6961890280894316,0.39827257228711105,0.9981608377639842,1
7.297863776042286,0.8115476702252153,0.7065610324786424,0.3028679124105024,0.9990429081184844,1
2.6033757790499883,0.662261505281816,0.7399950943645667,0.35294048681212786,0.9996742099342912,1
5.078174880386584,0.7448962786495028,0.7239868400624354,0.3388183599112611,0.9994156564365024,1
2.392012682790857,0.7587053475706506,0.7134138627791006,0.37478380336305467,0.9993343999164008,1
4.763396304522621,0.9952871120027388,0.6734618527462202,0.3681352791418396,0.9989947675676426,1
1.5890176286861932,0.6578831460754463,0.7360550890721252,0.3868017815436814,0.9992805003653119,1
3.0798479333733586,0.7427211983790044,0.7211044135500868,0.3586506294972937,0.9996004418392344,1
1.3643870073759592,0.6293372625326985,0.7419647856115674,0.3815879799960112,0.9992777950907152,1
4.065555224995353,0.7527720153094042,0.7212976293529131,0.35855091664309496,0.9994774209779824,1
6.175296346715706,0.9364362167928482,0.6855475956652456,0.3586526151675845,0.9988830573864574,1
7.76637295701878,0.863530496445432,0.6941894610022593,0.2824983392600617,0.9991559892032208,1
3.1441548469059573,0.6882171816258561,0.7362389490818253,0.35625686970411474,0.9996175319651356,1
3.0774893416670244,0.8463375269808598,0.6980967012294006,0.36360799942743466,0.9995779232252042,1
3.5393308568120423,0.7018798154580672,0.7328125225692874,0.3522166711006171,0.9996173780164946,1
2.7167396132624333,0.7530730931143417,0.7166144925163231,0.3608356783770815,0.9996432306098482,1
7.336489107417227,0.7836979950323614,0.7132291214159667,0.2964728139499263,0.9990921830397191,1
2.7068924928884894,0.8031641311805825,0.7048922832599772,0.37265579758115386,0.9994709678791092,1
7.34024294858016,0.7347776504024263,0.7282800270587044,0.32084641844715234,0.9991569869137704,0
6.075720741283338,0.8441360482110186,0.7297883620422185,0.3668898997917171,0.998855588653869,1
2.8632798540532054,0.7006156460397103,0.7280240955416949,0.34973246378671663,0.9995367510683456,0
1.9050986230827511,0.6865603602927512,0.7280601971968744,0.3724883901333112,0.9996017788670332,0
3.192908902968969,0.6985605890046745,0.7294042125972401,0.3536969282371136,0.999428065772932,0
3.580470413968581,0.7532466372200066,0.7210231799776345,0.3518558423265258,0.9995625796951628,1
4.514286936861632,1.0335425075430094,0.667026202578388,0.3770784025013717,0.9989254283735178,1
5.7400943274183405,0.83977847635197,0.70253971497778,0.3388709735822249,0.9992709864060342,1
5.971824423029464,0.8355143874439748,0.7107671639968355,0.3866204132155013,0.998580401722468,0
3.0875700876967285,0.8210161688608717,0.7012483829067522,0.3564013450690804,0.9995684465543662,1
2.5907825521391707,0.6930601119258973,0.7311411159877664,0.3558718107149597,0.999656817280174,0
2.3596805448346845,0.7111486788312821,0.7247783444172182,0.3715325538172661,0.9995032713252248,1
2.411940772545993,0.7192139010392098,0.7232425932101254,0.3714994841922404,0.9995311265327902,0
2.83993225302686,0.7958855529110742,0.7049401448602286,0.35751182787669794,0.999546993221848,1
6.988984079464668,0.7648978559119008,0.7504280300854147,0.3732348735689723,0.998566204655034,1
2.5985743921265927,0.7508054054633563,0.716877675823909,0.37087905950971095,0.9995040257465296,0
3.373966552668068,0.7323277602670213,0.7242153113387662,0.3462458540339438,0.999671113936596,1
2.6032893420243868,0.7689348456909244,0.7129450470678974,0.3656818726368384,0.9996366637561112,1
5.2353672589620475,0.8868832246662366,0.6945918807241924,0.3656825131113026,0.9990684528554028,1
8.323095788254397,0.7254118303837979,0.7358580137857407,0.3044880816251693,0.99915152069668,0
2.2452604814385984,0.7337132095430051,0.7188537143760783,0.3773423259368371,0.9994095590287038,1
2.183773380433695,0.6844456684105951,0.7311868124280595,0.3691819956824962,0.999591532574898,0
2.3717484490472724,0.7132528731935333,0.7240436547302159,0.3736507431201015,0.9993778060559076,0
1.7045810283459846,0.6876027416841776,0.7268545828512123,0.3829361192307161,0.9993390504896426,1
2.4096328816272856,0.6793186350186543,0.734193429724641,0.3665403320770665,0.9995939483945964,0
3.4071894163557617,0.7865228819131752,0.7097354477163685,0.3600357699362017,0.9993952080422768,1
2.8064947485598304,0.7026461344111384,0.7289064226648391,0.3552961756893137,0.999602178650448,0
1.7815291893591783,0.6709049844904729,0.7325218753070049,0.38187308046695706,0.9994327087915148,1
5.992215674333072,0.8478098405419823,0.6987160157518633,0.3334066921409283,0.9991289294607636,0
2.3946424232028245,0.6625815679631775,0.7382768928168801,0.3552896025962878,0.9996805201679104,0
3.1137826182512116,0.6649042000800491,0.7414733557950182,0.35264059696979505,0.999612935112592,0
2.411551500224705,0.6358270433240973,0.7697308309413223,0.427254735968352,0.9988647613734072,0
5.425096327609402,0.9962673051356148,0.6711255791520676,0.35092106573599485,0.9989357194162364,1
3.0361579255828577,0.6974538823848935,0.7339541981752695,0.3613884774682986,0.999594440329136,1
2.4387945452206363,0.7150414719041699,0.7239932150472924,0.3655482654236311,0.9994855741360728,1
3.269237486956273,0.7927108348699915,0.7100954206930996,0.35053471508134704,0.9996187217327944,1
2.4880935789127605,0.6987193919121746,0.7295560824411422,0.36816981811091015,0.9995387651653772,1
5.447883578928933,0.999591005708008,0.6722708698142843,0.3573993006262314,0.9988649163295588,1
2.431373468702203,0.7606659269265406,0.7135351152286602,0.37203074865751146,0.9995510476887819,1
4.618112395653081,0.8735186187812067,0.7181178089197668,0.340677514529129,0.9987884939793368,1
2.2535957355947227,0.6957535075117572,0.7284148867178091,0.36901369289239744,0.9996088274868876,0
4.585929103675574,0.9383130129843248,0.6774302790129509,0.3391434001536299,0.9991282551260912,0
3.5022321747644987,0.7718745979673229,0.7161539234631404,0.3477854854853604,0.9996229732596612,1
5.03650174544036,0.974148028070343,0.6664713746539408,0.3209240064636113,0.998887971613573,0
7.751374260625889,0.8230318517987787,0.7039208913752407,0.2802909307281849,0.999170567531316,1
3.075363705561988,0.7609969338307818,0.7152929127747696,0.3618215026586479,0.9995714855464646,1
2.723166328959218,0.7492452953242708,0.7170775666392424,0.3525759334489223,0.9996380831957058,1
5.897585490753344,0.992977189860922,0.6629389385889103,0.3042126397873998,0.9989488026544254,1
3.2202200994896866,0.6830253763025859,0.7380877330814428,0.35542726206433817,0.999645863443104,1
3.003457704375545,0.7923740208270798,0.7073006337683859,0.3644785415004613,0.9994353746953326,1
2.5906713230984746,0.6600326807896278,0.7405566167746523,0.3576560877776018,0.9996634899457808,0
3.5708779142902074,0.8088566905384736,0.7050716736717564,0.3661137164282421,0.9991854042555284,1
3.5018301420872837,0.8020654652143461,0.7077662030794742,0.353206417417516,0.9994544744638236,1
2.6522377138813846,0.7417440356218822,0.7181542034992537,0.3559523890295105,0.9996321839598302,1
4.755230847921792,0.9692980623024688,0.6791703818588388,0.3740003000097521,0.9990883290640684,1
3.0422449236673965,0.8861226807181554,0.6887742340235385,0.3691340164959987,0.9994587794300952,1
7.1396479166169105,0.8130261696639678,0.7053667933413815,0.2928476582742053,0.9991494987714648,1
3.5555443879811888,0.625310011864431,0.7552666038481466,0.3337435814929473,0.9996982996407524,0
3.1973975978100837,0.8887227153823063,0.6889735635821316,0.3630262274919353,0.9994427159907272,1
2.5489019147476304,0.7483480923996166,0.7172427721154658,0.363213389962909,0.9996349772332676,1
3.176829606043713,0.736289792300985,0.7214178284916752,0.3477320141252149,0.9996047883271728,1
2.644609813885673,0.7661853888817416,0.7135188162035351,0.3730766542497613,0.9995263520276846,1
2.003669664937033,0.6866878939920237,0.7291701149111495,0.3721526940143542,0.9996122129844474,0
2.1790758519519136,0.7030973044155695,0.7258115758471183,0.3708988248113811,0.9995769292404469,0
5.716488228570618,0.8411241865452189,0.7254662953287564,0.33616389708234223,0.9990372966474808,1
6.6662944918121525,0.8952332760144255,0.6962402877361646,0.3674616925974932,0.9986973950340686,1
1.5599946663664823,0.6737100558200038,0.7316964953698353,0.3892344883666285,0.9992209191421644,1
2.3793571408150718,0.6944681197021028,0.7290630371933607,0.3591029638409519,0.9996644952897024,0
2.46207246058293,0.7940259284274627,0.7061051139314878,0.3753847663970912,0.999493650915947,1
4.206102025666132,0.982452303901666,0.6799356908522735,0.3964111925264356,0.998958544334174,1
2.2636286844061346,0.6871812774275627,0.7309408253984191,0.3673835475928142,0.9996039761223504,0
3.908040220757405,0.9073361734056188,0.6855721592175229,0.35969534443215445,0.9982429805485868,1
3.1901808879025686,0.8025240058178597,0.7066807084725476,0.34773568620677703,0.9996094361567636,1
2.857344511628572,0.7358949068713637,0.7215494040065025,0.3621908477435932,0.99958694413639,1
3.0278362958674623,0.6838397158254357,0.7351745261801041,0.3496697733633992,0.9996236199050448,1
4.226044726660457,0.9171664656524408,0.6900528130103759,0.3901830660584587,0.9991058429443096,1
3.753315652829596,0.6206386155066683,0.7580002398330583,0.32788188967024284,0.9996913062408054,0
5.090622835614148,0.9255732388367446,0.6868270691187485,0.3618711111444022,0.999190287701886,1
5.1553944456385885,0.7594820002706725,0.7132254655456692,0.302219045067781,0.9993832477868728,1
3.3977595165601735,0.6231680711008191,0.7563024604112125,0.3344344602426822,0.9997013277511152,0
3.7036246745957824,0.9937613443672232,0.6619215842749093,0.33462468596793865,0.9990064190684758,1
1.928031013694127,0.6989737892562575,0.7256126520846008,0.3825506102091074,0.9994624416421072,1
3.0803375198336127,0.7335405588432895,0.723161101849045,0.3556243792064329,0.9996216227250564,0
2.37787408693912,0.7694253255571282,0.7104011359705272,0.3757633180247178,0.9994160483682192,1
3.8535055462641363,0.7144196613634093,0.7286158610463334,0.3548488599057362,0.9994071590186182,0
4.60160326164644,0.6134873475849452,0.7629091280909687,0.3142949669397513,0.9996501714736256,0
2.9632285278814137,0.6889913178809841,0.7342210510949225,0.3501547297328917,0.9996536185483637,1
2.7489370702717384,0.7236621692611176,0.7240375152765429,0.357485323403715,0.9996114133598504,0
2.083174977128808,0.6843840234000886,0.7305353476771603,0.3752187924444593,0.9995219961305056,0
4.512277789719217,0.9662569757907222,0.6756733135435229,0.3641369739859918,0.9989669500454764,1
2.2783008669611338,0.7962368848006631,0.7025120649466331,0.36766690526896695,0.9994788428107576,1
2.678115663907829,0.6944801806824193,0.731682915435433,0.35849194571873244,0.9996485345404218,1
2.842734644138543,0.8716470474720186,0.689087551332932,0.3630222011831555,0.9994956144846664,1
2.1569533338336404,0.6977087264319511,0.7266828050681566,0.371636051615882,0.9995363093905496,1
4.321114255690096,0.9308336915765091,0.6871950533013554,0.3947028604974592,0.9988909139335176,1
3.481070514744773,0.6142460725874467,0.75943409257619,0.3374041870137688,0.9996988985615354,0
2.9903757844104244,0.7982314135826295,0.7068898455644925,0.3671334137029392,0.9994637549097534,1
2.5237666084165986,0.7735325360578641,0.7118522887078562,0.3768671639791408,0.999574870741146,1
5.289182349756792,0.996462846202224,0.6652535759991246,0.326891566371601,0.9989541621643636,1
5.955370114956254,0.7483816862108221,0.7292329320508739,0.3456759013129974,0.9992407874218676,0
2.0100224512915084,0.6942655399030834,0.7260422643465233,0.3754038714992701,0.9993620994372278,0
5.782090876342418,0.988748925270474,0.6683720178990594,0.3174612585783849,0.9990768650257124,1
3.105102956101605,0.7657078634018041,0.7156833293066373,0.3562852611909122,0.999591947741438,1
4.304662684196698,0.9583912990693636,0.6796691900140691,0.3808707678085376,0.998433743426848,1
2.3091106411795823,0.7350450544620267,0.7184834256738366,0.3695735141544802,0.999560621395122,1
2.4735768489929533,0.7405837246451393,0.7179426889409594,0.3735372179476945,0.9995058472030872,1
5.2816866088701016,0.8806517836529659,0.6934248914936784,0.3490536933085125,0.9992500860228604,1
1.711391238546536,0.6835893388081251,0.7278900655517289,0.3826756256882524,0.9994556179159316,1
8.243448627928638,0.6436206841648555,0.7594701017865586,0.3148449787708878,0.9992754286938784,0
2.0355571100819083,0.7540833118915906,0.7133239914262227,0.3843554056548521,0.999409517588924,1
3.5136711211887306,0.6674548740654973,0.7430599518948969,0.33060786807649445,0.9996858127665056,1
3.4611585062967256,0.7165734397558501,0.7273490451517479,0.3502636630483993,0.9995040596223648,1
8.58836622539288,0.5466203806915292,0.8203186147274268,0.3352003757457232,0.999069665374718,0
3.761396062938663,0.7809897955172462,0.7120576110393753,0.3501300542673806,0.999473961907385,1
1.8911002919650648,0.717962239304144,0.7191205936943705,0.3746113893843678,0.9995313262944602,1
4.955357427177124,0.9631248358052114,0.6846103429800792,0.3900516457722171,0.9989903789273996,1
5.076524225199622,0.9125742359469164,0.6942601260623168,0.3990822520181557,0.9985444636824083,0
2.8210632960247013,0.7709231206312449,0.7107782328075141,0.3690148990978349,0.9994478393405724,1
9.151391575712706,0.6509905423801677,0.7588297995881329,0.3149395761142384,0.9991535769791264,0
2.6534893756164504,0.7183055305401892,0.7255280769941175,0.3588201477095185,0.9996495721576254,1
3.4660463302457223,0.7995712991551953,0.7075749096927457,0.3502773838510451,0.9995596502639916,1
2.7372151375130445,0.7339041750646829,0.7213106456561305,0.36326079790889937,0.9995762007182636,1
8.362255250252758,0.755471915725283,0.7317508737153465,0.3414776122390329,0.9990376681415172,0
3.4251506729133614,0.7657134471889875,0.7161355377687741,0.3441297990606437,0.9996294308139784,1
3.5687252526552022,0.6999665866174936,0.7326330171951209,0.3437167608424423,0.9995728597268682,1
7.283383051831086,0.8827032708048022,0.7249223287698577,0.38614353345268776,0.9984112230562978,1
2.5335601244335804,0.6884284721328817,0.7318814717757761,0.36325302120054936,0.9995967318826648,0
2.656070648755664,0.6443375484226025,0.7467451976412246,0.36074097793280735,0.9996769082726196,0
4.1100633692839885,0.7178697717883844,0.730503844111583,0.3407880517973008,0.9995865693887672,1
3.2137123072029965,0.6619010159812457,0.7434739315561675,0.3487253799832816,0.9996462241041044,1
2.4528228054376258,0.7096939905942222,0.7256907959689958,0.3619404028337203,0.9996413412667916,1
4.010778392761896,0.8617785878054023,0.6981555608248641,0.3732216149643479,0.9992812212896579,1
8.05954847428212,0.6456253532675758,0.7578414814496838,0.3234372916653226,0.9992462235872211,0
3.5949228186600357,0.7967829791872152,0.7090437047488041,0.35498783481409946,0.9994902525095573,1
2.118039920951442,0.7736145060537188,0.7078942415873948,0.3779003940081093,0.9993544974173206,1
3.473958780036308,0.7791551864002173,0.7124552448085425,0.3561370724726314,0.9995146455499896,1
3.0260054837257178,0.8599248913618367,0.6940623574618887,0.3682199151769594,0.999417188032258,1
2.4734776809325734,0.7089526870077335,0.7260431224558143,0.3619091593251737,0.9995878136423616,1
2.8822861722200783,0.6440451813256713,0.7474584476641971,0.3536607478683946,0.9996564274067326,0
4.068440368433204,0.977970034948612,0.6724124824749701,0.3704464090643012,0.9989157111838004,1
4.970075997309196,0.8065762998256548,0.7109515342743387,0.3558693826715614,0.9992671928893152,1
2.795436839773004,0.8064355604156841,0.70474716893335,0.3661974519978728,0.9995422464214676,1
3.748441229969839,0.735101339036837,0.7224954064367113,0.35376292432067474,0.9994630355770237,1
3.343955930071329,0.8114292529696812,0.7050572198277174,0.35008886942992784,0.999609903032082,1
1.9478688694483752,0.7013187565218633,0.7234738905864123,0.3680618054317357,0.999511194121742,0
2.8801221196592186,0.7617288566548023,0.7148547061835242,0.35725191403721723,0.9996169246339696,1
7.089112989897544,1.0713809478318328,0.6658794996429857,0.3592815512058523,0.9985569559482744,1
3.2308965239361327,0.7900225763683406,0.7114194434264894,0.3567542994102207,0.9996316400814806,1
1.8193332154037483,0.6914117779493116,0.7267497605652046,0.3794998778693349,0.9992986785023869,0
6.712462534192524,0.9264086612807908,0.7185103233922905,0.359153432404037,0.9988594012522636,1
2.1149938533670687,0.7551781808825424,0.7106314381128439,0.3769809594875163,0.9993285266894764,1
3.1892624665866185,0.7798868858727506,0.7125114033990724,0.35910232996961605,0.9995750026637472,1
3.322095179896221,0.8157140279028547,0.7049812202033943,0.3543618420838954,0.9995876949496556,1
3.4955475846449016,0.8745300546121821,0.6962519730719755,0.3906448631605448,0.9987929371638342,1
3.202124282518529,0.9122234561709376,0.6875345662786218,0.3831445462864614,0.9988347218318426,1
3.709618051088526,0.7809203332046828,0.7142444682775311,0.36030117622721375,0.999490619496654,1
3.0321648476921546,0.7777138992523982,0.7132612534651914,0.3605482433545855,0.9996181285599391,1
8.311844680120739,0.8393269778584599,0.7429502232797872,0.33686669492170546,0.9989773892726096,1
5.288747695432622,0.9110445838685588,0.7150111669914152,0.3640502640445853,0.9989901941349992,1
2.4938658747516342,0.800008398015924,0.7035808934644779,0.3700233085226787,0.9994583979125432,1
2.9863509906085173,0.7824583315465217,0.70786456980425,0.3445306420646494,0.9996181769130258,1
5.970638737630661,1.021805814286738,0.6604045834000101,0.31352038400911325,0.9988910437525984,1
3.4725782444930458,0.8155375802278544,0.7061703006613329,0.34975337498267617,0.9996039434714876,1
3.5191870095201336,0.6724266781737354,0.7410289217528176,0.33876659518658264,0.999649417496386,1
2.529481279571737,0.7996467919579169,0.7036425206431546,0.3672686067450085,0.9995095189043656,1
6.4152419043777025,0.7839541068186882,0.7428659082036522,0.34064543204302083,0.9986991087480074,1
4.79716719208999,0.9571078431372548,0.6802860969758034,0.37700949037311904,0.9988121219986714,1
5.842042871756903,1.0268097748640663,0.6586125277998688,0.3131007268088429,0.9989277574752576,1
3.041051109967551,0.8219973519447659,0.7015794607346955,0.3582398976414308,0.9995740688501497,1
3.592169788227054,0.7372044166416513,0.7251249530893221,0.35007896810651945,0.9996268410492014,1
8.827185756092723,0.7453209762518973,0.7626233022852105,0.3368837569472833,0.9989470380519062,1
5.146919506738953,0.8260515432319903,0.7077987461173392,0.3523797317983638,0.9992821358854568,1
1.8753555755678488,0.6922743613934274,0.7258015080009277,0.3765058149217589,0.9993273350917536,0
1.7158095776691398,0.6857285993538891,0.7270315246138273,0.3806610459020483,0.9994582524017682,0
6.1590813649861085,0.9292330411661216,0.6854386293176685,0.3367989768060968,0.9988143022885798,1
12.212470496229534,0.748973781896805,0.7662609930057511,0.3259710434790283,0.9986022214379812,1
2.651741203525022,0.6811181779521707,0.7362170259602467,0.3602911108630145,0.9997103396965401,1
2.4869761514215876,0.7478975924496477,0.7156148482339629,0.3600145775443328,0.999589553593986,1
6.146956326176428,0.9404948134349151,0.6799937847563507,0.3274044692224377,0.9991115450237378,1
5.258972250085581,0.9357398816205328,0.6861914335148432,0.37298149781058176,0.9989537105793188,1
3.1202372528839137,0.7627243342338865,0.7147491705379715,0.3690335918626077,0.9994719873828188,1
4.7315917704385475,0.8287746248111225,0.7291411046486003,0.380626903694641,0.9988738973957308,0
2.676985505381878,0.6702523514444587,0.7380267689851292,0.3569867548344212,0.9996542620346056,0
1.8886496794459453,0.7224114009320012,0.7188518990847893,0.3790614167712202,0.9995466615626754,1
3.4836790367654418,0.6161863269579884,0.7577007616799429,0.3256306251025152,0.9997053735764091,0
2.7790294395128434,0.7412548958646027,0.7185577075516028,0.3519736044203639,0.9996280432128938,1
10.565794735147254,0.7083895099277747,0.7757401916174597,0.3338188719122209,0.998863027543614,1
4.738996212573538,0.996128237125138,0.6631135837952074,0.3226553596732369,0.9989776683021192,1
2.702747759337879,0.7770304437011306,0.7098677450422807,0.37188353967971993,0.999213331827368,1
5.607365728467597,0.9330018091280364,0.6812774893275032,0.3327522594993081,0.999005699277548,1
3.944161349795285,0.7761075193477496,0.7406518097923771,0.4167004466867017,0.998624505352814,1
2.366631019769287,0.7154207227296767,0.7240773910240944,0.3699297228402696,0.9995724344880972,1
2.8616837843246574,0.7315802028388869,0.7205204725806649,0.3679355187376097,0.9993972794105452,1
3.2374275447775065,0.7024252397901568,0.7328298721570665,0.35334169800571635,0.9996040518418008,1
5.830497490307532,0.9589963319879309,0.6729110724355589,0.31989071324890883,0.99900371237338,1
2.4700369512700657,0.7613493824778079,0.7128053416734397,0.3680859123293198,0.9995448115169512,1
3.1622588250639683,0.7581315575996684,0.7179711772760135,0.3567717519782031,0.9996462468913232,1
3.0133631194876864,0.7523710993896253,0.7170350925232929,0.3718278879197269,0.9992794005599464,1
8.004127431517631,0.7379291095611676,0.7605999039117259,0.3375205172627957,0.9990196163032228,1
2.4987273432251245,0.6599290456995012,0.739743373995172,0.3568388602918972,0.9996634541745688,0
6.529378428188165,0.7320331096303727,0.7277399178361674,0.3242681235500106,0.9992097412574636,0
3.4518687854760244,0.8040014270019822,0.7143211437252378,0.40108402952028943,0.9981605627137766,1
5.833609479114423,0.8802298528018597,0.6986196048946016,0.3651021757721402,0.9990758083510886,1
2.6134603220549764,0.6520661799391054,0.7433399745613085,0.3577817759226354,0.9996694245478726,0
8.338458698542349,0.6634603902462325,0.7544004583450943,0.31797199242084595,0.9992303086021078,0
3.1909756503214886,0.5269612266491147,0.8096449010400641,0.4168381719291202,0.9981639648098518,0
2.5675307689008964,0.7228047229012107,0.7231024132128279,0.3598811199629046,0.9996440105553746,1
2.3912260388524382,0.7341844811812972,0.7185080622805576,0.3678979889840868,0.99958173784931,1
2.827004445588005,0.7093812985119432,0.7280828093667204,0.3583954873423592,0.9996118932577484,1
3.8818629211515647,0.719816950055034,0.7298951209405333,0.3427595976243845,0.9995958735179116,1
1.93928078140858,0.7369926794316508,0.7156630936625384,0.380838384042776,0.9994832734739336,1
2.8683374251325824,0.7142592949954971,0.7269310832518834,0.3474974600342452,0.9996841888886784,1
